id,stroke
32840,1
45158,0
56105,1
3112,0
35224,1
33344,1
35699,1
48440,1
32256,0
18285,0
55815,1
17412,0
2153,0
65473,0
19231,0
16913,0
3716,1
17758,0
52990,0
63868,0
65811,1
33867,1
65560,1
32010,1
50914,1
25902,1
22090,0
69246,1
45125,1
56384,1
1876,1
58846,0
62647,1
53686,1
49080,1
57427,1
55820,1
9000,1
57525,1
54264,1
22751,0
44341,0
30480,0
58138,0
53108,1
22304,0
38596,1
52793,0
277,1
12175,0
46454,1
8787,1
54098,0
53028,1
4367,1
1307,1
70179,1
43881,0
22125,0
70770,0
31956,1
21374,1
59434,1
54649,1
49349,1
22725,0
61120,0
51161,0
41803,0
21304,0
2245,0
19420,1
10420,1
39203,0
41253,1
11613,0
9700,0
40631,0
13141,0
66007,1
56305,0
8066,0
34588,1
15995,0
42248,0
56103,1
46558,0
18158,0
39593,1
649,1
15020,1
53931,1
37657,0
60437,0
53934,1
44635,1
52489,1
47168,1
4061,0
61470,0
11521,1
41300,1
32506,1
53562,1
48459,0
39946,0
14859,1
40170,1
4597,1
6583,0
59148,1
70297,0
57447,0
40589,0
63860,1
7225,0
5406,0
65835,0
72565,1
66317,0
67334,0
17148,1
39129,1
22230,1
60161,0
5710,1
37664,0
28177,1
71930,0
35217,1
58955,1
52656,1
44425,1
44951,1
45923,1
71923,0
26311,0
58895,1
11717,1
68572,0
50936,0
38820,1
49477,1
15183,1
71847,1
19756,1
5476,0
11117,0
59599,0
16986,0
8521,1
11384,1
20049,0
45699,0
37567,0
61209,1
53357,0
39008,0
17936,1
71104,0
63174,0
59626,1
37713,0
67845,0
44487,0
45225,1
11764,0
62280,0
15497,0
7656,0
64912,0
25528,0
60141,1
12353,1
43054,0
66010,1
1137,0
68965,0
4444,0
66608,1
36666,1
61241,0
55720,1
66277,1
19349,0
29509,0
71961,0
41849,0
36274,1
11022,1
51169,0
5086,1
39023,1
2536,0
55009,1
66057,1
20805,1
14470,0
5440,1
70434,0
60227,0
18375,1
70158,1
23497,1
27217,0
48844,1
7014,1
47617,0
69754,0
70696,0
18592,1
65155,1
40824,1
12959,1
12870,0
66,1
14857,0
45964,0
7422,0
46002,1
22783,0
59900,1
16609,1
61361,0
5806,1
28320,0
55492,0
48037,1
39711,0
54730,0
22140,0
23643,0
9154,1
373,0
18490,1
33491,1
16018,1
71,0
61308,1
54750,1
15966,0
51955,1
63935,1
22601,0
19618,0
48943,1
19350,1
54270,0
19849,1
71245,0
54608,0
57837,0
63645,1
9955,1
38538,1
64092,0
24576,1
51770,1
21732,1
887,0
51517,0
54858,1
69627,1
16539,0
28270,0
72634,1
1074,0
18252,1
42613,0
19031,1
71200,0
4943,1
49163,1
8623,0
31440,0
5633,0
15820,1
23680,0
33468,1
7256,1
34735,0
6904,1
4655,0
27613,0
11114,0
44426,0
24403,1
60432,0
23292,1
47233,0
54103,1
29289,1
5157,1
1627,1
53163,0
52765,1
41644,0
51164,1
35944,1
46645,1
24478,1
12092,1
7460,1
16969,0
24707,1
40756,1
24111,0
32296,1
69929,0
55483,0
44898,1
7510,1
10095,1
15738,1
14033,1
71080,1
56905,0
66172,1
1187,0
71387,1
5475,1
71215,1
60607,0
48192,1
15121,0
67902,0
10782,0
62986,0
26182,1
64000,1
62453,0
72507,1
23605,1
4882,0
72926,0
26680,1
28344,1
26631,0
55663,0
26294,0
28255,0
8710,1
37896,0
57283,0
26922,1
72164,1
59663,0
60291,1
6771,1
39392,0
45028,0
57814,0
69008,1
25672,1
29716,0
34188,1
64853,1
32317,0
65923,0
33752,1
36120,0
8981,0
1565,1
16543,0
24698,0
48681,1
37497,1
44920,0
46083,1
66889,0
37936,1
50614,1
35540,0
3590,0
12560,0
67848,0
72562,0
34522,1
53770,0
4091,1
30335,1
59215,0
48711,0
59809,0
39894,0
3497,1
31889,0
63986,1
10057,0
63568,1
35796,1
4390,1
56690,0
59504,0
9792,1
37280,0
40043,1
1732,0
3611,0
52383,0
72856,1
52600,1
64142,0
49325,0
40366,0
30421,0
39908,0
4651,0
39518,0
44202,1
24222,0
63629,1
7479,0
62240,1
1779,0
50485,1
54688,0
45520,0
58387,1
34233,1
16826,1
18893,0
2233,0
71701,0
7846,1
52556,1
37106,1
60744,0
51693,0
32490,0
40858,0
38375,1
54511,1
47729,1
45302,0
53348,1
28268,1
4837,1
44753,0
23064,0
45570,0
12386,0
2706,1
6511,0
15584,0
9164,0
11885,0
16384,1
33092,1
46055,0
13902,0
9339,1
52067,0
11132,1
4508,0
56425,1
62441,0
14839,0
33304,0
10989,0
48388,1
11700,0
3967,0
40215,1
12796,0
15952,0
49719,0
70067,1
58623,1
721,0
72754,0
41432,0
22779,0
67834,0
13925,0
24065,1
27530,1
61247,1
46276,1
66685,0
53074,0
49927,1
50518,0
68870,1
660,0
17017,1
1255,1
25058,1
18071,1
41413,0
10508,1
1517,1
23710,1
48135,0
40548,0
12190,1
67826,1
55966,1
4472,1
35271,0
12076,0
20434,0
49515,0
8470,0
4183,0
70281,1
6881,1
68204,0
11158,0
68110,1
53116,1
2904,0
21546,0
71620,0
68958,0
53453,0
43856,1
69894,1
41502,0
72023,0
20596,0
65361,0
26914,1
12966,1
26403,0
64799,1
27832,0
25548,0
38308,1
12551,1
44072,0
36769,0
15752,0
70470,0
30099,1
55309,0
56205,0
68184,1
38870,1
56246,0
16497,1
51903,1
40087,1
27358,1
24477,0
37743,1
63312,0
26155,0
37219,1
44615,0
27711,1
33795,1
64028,0
3970,1
52548,0
24070,1
9159,0
56399,0
47614,0
40342,1
11567,0
44018,0
6827,0
31706,1
34570,0
15687,1
47449,0
42231,1
13576,0
25307,1
15046,1
21316,0
25623,1
37661,0
38399,0
10123,1
8410,1
58935,0
25929,0
13159,0
70994,1
25951,0
25240,1
50365,0
52380,0
4932,0
70309,0
34407,0
28762,0
72156,1
16164,0
58161,0
13422,0
55478,1
16276,0
20076,0
43672,0
42803,1
66124,0
45508,0
55578,1
50196,0
18943,1
40629,1
41681,0
66076,1
6129,1
43447,0
68568,0
63659,0
5958,0
42213,1
59717,1
27718,1
50455,0
36343,1
56570,0
65716,1
14909,1
45856,0
49418,0
24944,1
63037,1
32931,1
54211,1
60447,1
53844,0
7672,1
48508,1
37483,1
66902,1
32129,0
67343,0
28121,0
69030,0
51045,0
46580,0
17397,1
3405,1
60266,0
38690,1
56757,1
47368,0
59711,1
22688,0
20401,0
8843,0
48489,0
48201,0
60025,0
13514,1
43069,1
57064,1
46385,1
60835,1
38251,1
50343,0
65983,1
31434,1
48748,1
48736,1
12484,1
18283,0
38979,0
40690,1
59826,1
5536,1
5183,0
38137,1
25930,0
45116,0
21733,0
23459,0
56013,1
71063,0
12652,0
48404,0
41677,0
46136,0
44485,1
54470,1
72696,1
7424,1
72862,0
15582,1
62919,0
34438,0
8260,1
38734,1
20566,1
13919,0
24176,0
64291,0
15401,0
66922,0
6323,1
67975,0
20070,0
8460,0
56827,0
26702,1
7067,1
44714,1
62317,1
67823,0
48566,1
57691,1
41822,1
2320,1
41723,1
17528,1
49089,1
55691,0
30173,0
37231,1
11792,1
70342,1
10143,1
68707,1
48191,0
49479,0
61912,0
69017,0
44998,0
63011,1
51326,0
65058,1
68573,1
60653,1
72459,1
28713,1
62235,0
34823,0
67490,1
68080,1
47510,1
25087,1
60795,1
68900,1
61932,0
18704,0
50795,1
7930,1
54887,0
8854,1
1433,0
2403,1
43701,1
32100,1
16909,1
9395,1
6298,0
25643,1
8441,0
31426,1
17036,0
50949,0
47303,1
68994,1
16330,1
56704,1
46183,1
20111,1
46730,1
3982,1
52110,0
51149,0
22207,1
33380,0
59611,0
50016,0
3076,1
18350,0
6489,0
35941,1
60578,0
29649,0
1397,0
37281,0
56787,0
29520,0
42590,0
58014,0
18640,1
40476,1
60794,0
72354,1
37869,1
3361,1
11457,0
65040,1
8812,0
19449,1
28474,1
18112,1
48895,1
37222,0
7261,1
59131,1
30391,0
9696,1
2211,1
11282,1
57308,1
36016,0
4282,0
7871,1
32657,1
50219,1
31893,1
56389,1
38065,0
51970,0
44252,1
63990,1
2691,0
70600,0
31522,1
44695,0
21878,1
5923,0
42485,0
72867,0
36548,1
67627,0
42939,0
39302,1
6604,0
56095,0
11368,0
30886,0
30946,0
14055,0
35992,0
15420,0
23708,1
28725,1
51764,0
65911,1
1951,1
50483,0
19711,0
45209,1
62609,1
50921,0
26025,0
52897,0
19100,0
30909,0
63837,0
55464,1
71876,1
49230,0
3353,0
22887,0
40774,1
51462,1
58411,1
54294,0
29578,0
49438,1
23807,1
13851,0
36723,0
44022,1
27059,1
63167,1
67417,1
16474,0
64202,0
56150,1
14019,0
21441,0
70954,1
281,1
18694,1
8131,1
10077,0
31428,1
35525,0
13265,0
11943,0
26940,0
20995,0
14082,0
23210,0
24945,1
35535,0
16754,0
59060,1
53897,1
64214,0
45238,1
12638,0
16869,1
26868,1
47958,0
12544,1
40188,1
43402,1
15608,0
72702,1
8976,1
43943,0
65195,0
66587,0
6789,1
13413,1
39842,1
6793,1
6286,0
24177,1
29377,1
53343,0
67278,1
18626,1
8034,1
25179,0
45213,1
49463,1
14233,0
53944,1
16271,0
68502,1
71575,0
72008,1
4771,1
68894,1
12536,1
55335,1
9931,0
67896,1
20416,0
44310,1
68078,0
39345,1
49425,1
51181,0
42683,1
28511,1
40468,1
71762,1
62144,1
62557,1
20458,0
17622,1
62721,0
37707,1
32955,1
64858,1
46354,1
13634,0
47120,1
1050,0
42846,1
66375,0
33033,1
11632,0
32434,1
2678,1
4170,0
26424,1
60035,1
42747,1
43866,1
61059,0
60244,1
33772,0
39127,0
52159,0
35862,0
57985,1
24479,1
22589,1
2330,1
69163,1
69011,0
11315,1
61802,0
28614,1
48569,1
41006,0
32761,1
72259,0
47337,1
44675,0
16392,1
34839,1
64269,0
21794,1
58963,1
43820,0
47114,0
59487,1
46021,1
72234,1
52173,0
41404,0
56602,1
72124,0
28006,1
25011,1
65601,1
60963,0
21997,0
42790,1
25222,0
14892,0
40483,0
8005,0
69898,1
23101,1
34448,0
34462,0
13347,0
71646,0
67227,0
72599,0
33159,0
66639,1
44670,0
37536,0
72060,0
9612,1
68131,1
25653,0
3315,1
22532,1
16228,0
72340,0
9890,0
45309,0
47041,0
72427,0
18585,0
71029,0
47848,0
66171,0
52644,1
40350,0
40270,0
67109,1
31989,1
43746,0
35867,1
37011,0
34062,0
53968,1
11358,0
63527,0
19180,1
69260,1
55622,0
218,0
3322,1
14545,1
56771,0
23387,0
20167,1
27953,1
61713,0
55740,1
69600,0
15618,0
58368,1
3849,1
15465,1
38863,1
3257,1
61039,0
50676,1
9915,0
68641,1
50570,0
10946,1
54399,0
2758,0
64683,1
53791,0
37353,1
45807,0
63778,0
35677,0
72577,1
18209,1
63529,0
44085,1
36099,1
24579,0
11166,1
15606,1
64418,0
5678,0
31363,0
36899,0
34519,0
59805,1
72315,0
43089,0
53064,0
32452,1
59510,1
9024,1
39506,1
11280,1
60742,1
30920,1
19692,1
55462,0
53466,1
72814,1
22329,0
1632,0
61584,0
34966,1
3516,0
44454,0
24911,0
26239,0
17274,1
57457,1
10981,1
16925,0
33278,0
53673,1
52248,0
44167,0
41606,1
41464,0
19635,1
50775,1
23299,0
35846,0
17507,0
20125,0
57176,1
7770,0
68100,0
58446,0
36697,0
47516,0
58267,1
55971,0
30111,0
50201,0
12886,1
69100,0
8208,0
42694,0
4437,1
65739,0
60587,0
15940,0
427,0
19547,1
37894,0
4028,0
4252,1
36115,0
8431,1
19059,1
31116,1
26235,0
20258,1
45067,1
37131,1
8728,1
21315,0
14306,1
46505,1
36711,0
16398,1
72486,0
40608,0
12640,1
70550,0
66404,0
53053,1
26650,0
14268,0
61830,0
29053,1
72733,0
33252,1
72416,0
34024,1
1624,1
65157,1
28519,1
3053,0
17955,0
17144,1
61304,0
49455,0
58604,1
25161,0
44870,1
61020,1
17633,1
7368,1
29632,1
20085,0
11832,1
59532,0
61245,0
72488,0
53980,1
55681,0
15413,0
631,0
57495,1
57668,0
64985,1
17697,1
10876,0
41479,0
54690,1
5835,1
53935,0
29269,0
57883,1
53184,0
3348,1
65282,0
26776,1
32112,0
13653,0
10320,1
49654,0
63893,1
8722,0
53326,0
43816,1
47062,1
60313,0
29309,0
25524,1
56122,0
7306,1
66965,1
10595,1
71743,0
63719,0
39879,0
65693,0
15670,1
46552,1
32082,0
44452,1
12856,1
69330,0
66885,0
57029,1
66861,1
993,0
56558,1
39919,0
1057,1
38704,0
22696,1
62704,0
62260,1
50974,1
27517,0
68475,1
63614,0
47068,0
66937,0
31590,0
48945,0
65979,0
41122,1
60735,1
42117,0
68846,0
21807,0
37675,0
40646,0
28890,1
1600,1
28627,1
34084,1
19952,0
67617,1
17249,1
17218,1
24025,0
62798,0
14199,0
55029,1
43922,1
42047,0
52821,1
35515,0
50829,0
8442,1
57551,1
59179,1
20245,0
19067,0
10726,1
45915,1
22548,0
38751,1
37282,1
70477,0
18403,1
7565,1
13935,0
63122,0
21707,0
6533,0
44683,0
14548,0
61299,1
62586,0
49114,0
16045,0
45270,0
68438,0
46897,1
7754,0
2164,0
51949,1
45728,0
30082,0
4593,0
48028,1
33572,1
58586,0
64409,0
20012,1
40636,1
68007,1
48258,1
62319,0
49345,0
28790,1
61238,0
25525,1
21166,0
70206,0
52315,1
37316,1
27605,1
62783,1
12118,1
63308,0
15531,1
2958,1
62136,1
32148,0
44479,1
31742,0
23554,0
21173,1
19996,0
21917,1
71650,1
7437,1
30738,1
45172,0
60094,0
9017,1
34930,1
43134,0
52080,0
49248,0
16223,0
14275,1
13277,1
50269,0
12714,1
41268,1
15743,1
56009,0
43019,1
53612,0
50277,1
2268,0
58967,0
24962,0
5404,1
24055,1
37876,0
31060,1
62829,1
63619,0
29257,1
47246,0
37278,1
67248,1
50420,1
44788,1
39502,1
14260,0
14004,1
12122,1
40620,1
48953,0
67927,0
32108,0
8942,1
37121,1
23694,0
31367,0
47632,1
35596,1
11954,1
25719,0
43383,1
14866,1
57753,1
53024,1
53932,0
56642,1
55769,0
46503,1
12578,1
7194,0
61761,0
35298,0
2004,1
58479,1
36515,0
34190,0
31189,0
13051,0
72497,0
26897,0
16759,0
46748,0
8644,0
17639,1
31444,0
42115,0
33517,1
38388,0
44387,1
18733,1
51841,1
35220,1
30109,1
16572,1
59820,0
49006,1
14638,0
13358,1
21194,0
53107,0
17815,1
49943,1
3523,0
921,0
18612,1
15972,0
26538,0
48589,0
2672,1
61694,1
67520,1
6203,0
44655,0
5525,1
42728,1
26844,0
69387,0
61958,0
45149,1
114,1
26491,0
47447,0
8481,1
29275,0
20862,1
55439,0
28126,0
15139,0
9295,1
50541,0
9617,0
16839,1
39587,0
37542,1
3896,1
68468,0
552,0
4878,0
6978,1
25983,0
31454,1
25127,0
1252,1
15899,1
37523,0
46355,0
2043,0
59656,1
33787,1
26993,0
32933,1
16084,0
42160,0
54898,1
32219,1
63801,1
10973,0
6596,0
60683,1
26448,1
24580,0
52148,1
36087,1
32928,0
32861,0
5410,0
66206,0
50841,0
55050,0
5505,0
53460,0
67634,0
9307,0
65170,1
3954,0
11774,0
6990,0
57515,1
7490,1
13979,1
64074,0
6592,1
4635,1
17983,0
26070,0
25477,0
33808,0
29847,0
12622,1
36329,0
14367,1
24639,0
68372,0
3374,0
42872,1
59202,1
32910,0
22662,1
38792,0
38481,0
19774,0
62514,1
5935,1
57101,1
58141,0
8847,0
44991,1
42063,1
69218,1
10018,0
43193,1
27078,1
62705,0
51035,0
46515,0
44547,0
37556,1
65165,0
2882,1
59961,0
56584,0
38899,1
64662,1
63534,0
29028,0
51112,0
15210,0
51773,1
32544,0
25086,1
62103,1
17399,1
16516,1
46092,1
65832,0
64433,0
57858,0
22678,1
50154,1
20719,0
9673,0
58682,0
64190,1
63649,1
954,0
5883,1
62101,0
16301,0
41091,0
31259,1
51290,1
43420,1
70128,1
72007,0
62703,0
14405,1
20663,0
59561,1
18025,1
9257,0
43938,1
67654,1
71445,1
71769,1
10208,1
43740,0
20291,0
19779,0
42275,0
47199,1
20683,0
71116,1
56810,0
29973,1
2530,1
53143,1
7910,0
30420,1
64439,0
54962,1
20807,1
19288,1
70693,1
68821,1
35979,0
8685,1
9332,1
43345,1
48478,0
58631,0
46954,0
32144,0
24967,1
41130,1
30595,1
2748,1
27546,0
56824,1
63932,1
33079,1
8166,1
5527,0
19203,0
12314,1
3026,0
10355,0
70418,0
23877,0
44671,1
34408,0
57288,0
65419,0
18411,0
46041,1
32177,0
30126,1
16898,0
24480,1
42904,0
60245,0
71708,0
67942,0
56779,0
42293,0
41147,1
45166,0
35967,1
53029,0
28150,1
40075,1
15849,1
19590,0
9559,0
32808,0
21445,0
2026,0
4784,0
55412,0
62577,0
38839,0
59385,1
7808,1
59783,1
4083,1
59873,0
2893,0
41000,1
58550,0
45538,0
7387,1
23642,0
12631,1
40692,0
68186,0
64626,1
70852,1
72632,0
70155,0
31599,0
27249,0
64356,1
62204,0
66550,1
29117,0
60611,0
57743,0
35526,1
20715,0
66725,1
7167,1
72890,1
55133,1
30098,1
55736,1
36702,0
72870,1
51343,0
57705,0
72069,1
13706,0
22407,1
53110,1
35127,1
6133,1
49045,0
46533,0
53279,0
22780,1
59488,0
47990,1
55972,1
8516,0
29153,0
37007,1
22811,1
1383,1
15036,1
72551,0
12824,1
32454,1
30554,0
55790,0
56722,1
54066,1
64583,0
66333,0
3448,1
59862,1
1795,1
70366,1
49659,1
27142,1
19933,0
52011,1
16843,0
63533,0
31530,0
7598,0
70914,1
26480,1
16366,0
1841,0
30211,1
5013,0
4217,0
51557,1
53396,1
57344,1
37248,0
46668,0
30353,0
22592,1
40541,0
45048,1
38708,0
48520,0
35676,0
17847,1
23082,1
21383,0
5647,0
24119,0
11605,1
12045,0
31708,1
2849,0
58999,0
19390,1
15270,1
67777,0
32074,0
52715,1
55057,0
39346,0
49827,1
14202,0
54058,0
22483,1
32430,0
6817,0
32733,0
43382,1
20320,1
71681,1
16057,0
16234,1
39829,1
38269,1
71676,1
62241,0
44551,1
49833,0
7464,0
65507,0
31163,1
7313,1
62730,1
43632,0
57608,0
6796,0
21224,1
16332,1
55215,0
1021,1
24644,0
66592,1
48022,1
12363,1
53734,0
10342,0
59992,0
65695,0
31114,1
65905,0
37956,0
41917,1
35626,1
49532,1
38205,1
15212,1
68422,0
27915,0
50352,0
35255,1
71278,0
28860,1
20653,0
60550,1
63973,0
63306,1
29154,0
59662,0
18111,1
36589,1
51217,0
40871,1
60631,0
25966,0
3305,1
59923,1
70452,1
27723,1
9509,1
7369,0
12810,0
45140,1
21009,0
53609,1
1451,1
64186,0
20971,0
41333,0
1316,0
54905,0
35427,1
42482,1
70603,1
49117,0
56579,1
71744,1
49604,1
55219,1
33667,1
23956,1
66588,0
8499,0
53463,1
22505,1
50471,0
67830,1
39893,0
66568,0
45224,1
34973,1
45734,0
40675,1
69435,1
14837,0
14138,0
62405,1
47286,1
27657,1
56928,1
29631,0
19219,1
69401,0
5921,0
67963,1
58637,0
46189,0
52659,0
40086,0
41132,0
29148,0
578,0
47322,0
72073,1
18740,0
59840,0
38571,0
49562,0
9467,0
18464,1
58827,1
21661,1
63336,1
68539,0
43481,1
24276,1
33803,1
42225,0
71428,1
44324,1
59579,1
64240,1
31125,1
4018,0
48376,1
68329,0
42203,1
24367,1
38664,0
54441,0
11533,1
5690,1
59210,0
20856,1
4928,0
60504,0
53413,0
8310,1
4081,1
9379,1
29204,1
15704,0
47872,1
59463,0
53139,0
67548,1
9266,0
61109,1
14084,1
1589,1
60717,0
41687,0
55003,1
44964,1
1964,0
63784,1
18634,0
55649,1
11500,0
13876,1
65306,0
3930,0
29433,1
17890,1
9635,1
21517,1
63589,1
54558,0
4100,1
13089,0
22765,0
59685,0
6548,0
21206,1
51014,0
32445,1
67062,0
58612,0
47706,1
71631,1
72470,1
57953,1
27757,1
42729,1
57813,1
72884,1
64442,0
17793,0
52193,0
24249,0
65065,0
56864,0
2647,1
70109,0
60948,0
39603,0
44325,1
63677,0
19714,1
46923,1
35366,0
61339,0
16890,0
72735,1
40977,1
61885,0
29825,1
9391,1
55245,1
32597,0
60535,1
58159,1
31960,0
13133,1
47167,0
61673,1
71237,1
50114,0
58748,0
43623,0
26458,1
37988,0
14721,0
32258,1
47297,0
37630,0
48357,1
44725,0
30882,1
45472,0
26577,0
25883,1
20050,0
7581,1
58804,0
22239,0
45007,1
15904,1
51978,1
19698,1
6588,1
18396,1
40137,0
31781,0
26520,0
3141,1
59447,0
3958,0
30915,0
53119,1
57688,1
63380,0
27383,0
64399,1
24146,1
9435,1
11410,0
6704,1
65447,1
7662,1
35929,0
68138,1
63869,0
41399,1
9534,0
14907,1
28468,0
39685,1
16652,1
18801,1
30860,1
24469,1
4948,0
40653,0
4501,0
57191,1
68075,0
59157,0
18660,1
41770,1
14348,1
24551,1
55734,0
45934,0
31016,1
54395,0
20789,1
27911,0
7641,0
4030,1
47107,1
19729,1
24689,1
39734,0
49024,0
42809,0
33594,0
41397,1
48415,0
49310,1
60725,1
39525,0
54694,0
54933,1
71364,1
8810,0
68609,1
32163,1
55617,0
46130,1
10367,0
71602,1
53624,0
59888,1
68073,0
53679,1
50896,1
70573,1
42882,1
19997,0
39519,1
16245,1
12834,1
71407,1
65251,1
27954,1
52652,1
69051,0
3308,0
18664,0
11515,0
14369,1
3766,1
26935,1
20326,0
66920,1
6537,1
17290,1
24449,1
54169,0
35864,0
69734,1
11902,1
14670,0
61576,1
8856,1
70736,1
526,1
19803,0
49650,1
2743,0
1524,1
71617,0
59642,1
19687,1
7699,0
56336,0
45533,1
71907,1
21038,0
48802,1
31994,1
52296,0
48009,1
24535,1
28953,0
62304,0
50552,1
28613,1
32069,0
36060,1
7774,0
33412,0
29502,0
4689,0
24856,1
16395,0
64422,0
34700,1
16440,0
11553,0
29071,1
10709,0
38310,1
65173,1
57833,0
11072,1
10000,1
10956,0
37142,1
12996,1
16112,1
59970,0
43408,0
16665,1
7364,0
53971,0
11424,0
60372,0
59651,0
30954,0
23970,0
18972,1
60081,1
67500,1
69963,0
22918,1
5350,0
36167,0
7403,0
63460,0
7365,1
16681,0
46992,0
31785,1
10183,0
50184,0
47975,1
49592,0
41738,1
44139,0
12073,0
70507,0
50996,0
8954,0
64254,0
47560,0
56401,1
34335,0
45347,0
59407,1
31861,0
71775,1
30068,0
41694,0
49296,1
39964,0
40460,0
7525,0
15439,0
25910,0
26302,0
29860,1
872,0
25489,0
47407,0
51817,1
1399,0
35266,1
29273,1
47712,0
63607,0
61502,0
72184,0
45348,0
49529,1
12188,1
32633,1
12757,0
40423,0
18369,0
62565,1
46820,0
1844,1
40611,1
50979,0
22718,0
8320,0
70118,0
5228,0
63734,0
55752,1
39207,1
13663,1
1748,0
34740,0
20524,0
57918,1
57108,1
6529,1
45966,1
62016,1
8675,1
30535,0
8061,0
43901,0
65960,0
40572,0
61700,1
21193,1
50596,1
19846,1
56025,0
47329,0
47929,1
35461,1
10302,0
47411,0
57234,1
20514,0
41125,1
15909,0
51682,1
32045,1
19001,1
41061,0
41558,0
46996,1
9278,1
49303,1
54353,0
72592,0
45490,1
42681,0
70537,0
33346,0
64977,1
15873,1
39246,1
47912,0
30296,0
29588,0
1952,1
14768,0
30199,0
37289,0
6069,1
69159,0
6257,1
60538,0
57856,1
70576,0
58079,0
70730,0
7934,0
59985,1
48134,1
20377,1
69365,0
27052,0
21002,1
32009,1
48780,0
16711,1
59514,1
12005,0
41354,1
19018,0
64672,1
18195,1
61142,1
43659,0
26823,0
3747,1
37555,1
59337,0
65554,1
31394,1
4872,0
10682,1
39235,0
11161,0
7593,0
2799,0
56934,0
29041,1
32469,1
29200,1
2104,1
31223,0
4975,0
5437,1
29382,0
6914,1
25336,0
11498,1
13499,1
34465,0
68789,1
34933,1
60334,0
55030,1
40495,0
31327,0
41487,0
10114,0
56679,0
36471,0
48984,1
19079,1
63412,0
62771,1
12929,0
41352,1
45940,1
5398,0
16599,1
5236,0
21851,1
53111,1
11163,0
38103,0
55985,1
72567,1
17204,0
58830,1
66006,0
33363,1
9749,0
67003,0
56656,1
18754,0
41118,0
58848,0
56822,0
25019,1
58155,1
12272,1
19853,0
9288,0
9768,0
57482,0
27211,1
36190,0
68298,1
24220,1
57396,1
56369,0
15892,1
17433,0
57149,1
20550,1
50749,0
9568,0
59425,1
72568,0
14413,1
63671,1
49712,1
45282,1
51143,0
19236,0
32981,0
30490,0
1995,0
72029,1
40116,0
52723,0
69511,1
34165,0
42250,1
54585,1
57966,1
65873,1
27374,1
45138,0
55927,1
43638,1
19511,1
43332,1
40177,1
2719,0
57500,0
58968,0
12134,0
60571,1
50864,1
72701,1
16637,1
42220,1
67533,0
12954,0
52665,1
42042,0
44718,1
27831,1
66162,0
25938,1
23618,1
56098,0
12527,0
7055,0
7678,1
48936,0
13163,0
11205,0
26014,0
26380,1
20216,0
12866,0
71835,1
23442,1
30282,1
5997,0
11262,0
42196,1
8923,0
71255,0
23822,0
41248,1
23192,1
48392,0
40983,1
49379,1
47427,1
35584,1
58822,1
47991,0
44063,0
61688,0
11777,0
71037,0
59640,0
72434,1
58077,1
3594,0
10813,0
40970,1
49401,1
52128,0
57039,0
45662,1
39071,1
11265,0
71025,0
37266,1
63618,0
58255,1
11345,0
40010,1
28746,1
29067,0
34167,0
47198,0
54957,1
39404,0
62900,0
14615,0
66752,0
58221,0
17193,0
4403,0
33906,0
66221,1
55363,0
52862,1
8301,1
13611,1
54877,1
53752,1
4396,0
25599,1
2507,0
23033,1
36009,0
59653,0
71362,1
2022,0
28273,1
1625,1
53370,1
63929,0
40348,1
27505,1
60355,1
69711,0
22390,1
47193,0
8225,1
38237,0
48712,0
37096,0
70641,0
72190,0
68082,1
46785,0
54221,1
31550,1
9538,0
32956,0
10255,0
35891,1
10071,0
39846,0
72338,1
1546,0
27913,1
49191,1
7068,0
45857,1
66630,0
17630,0
14861,1
27968,1
63758,1
31031,1
57895,0
26328,0
32248,1
25232,0
68864,1
30771,0
18120,1
30928,0
64155,1
8652,0
40077,0
11497,0
18651,1
44837,1
18247,0
18430,0
50024,1
34634,0
59423,1
51729,0
18370,1
19755,1
11670,1
44087,1
60228,0
11587,0
13232,1
46427,1
25798,0
55858,1
14002,0
2763,1
1014,0
59838,0
47974,1
59468,1
55192,1
64661,0
23657,1
1184,0
19943,0
59720,1
4745,1
35696,0
56266,1
8504,1
65466,1
17007,1
25435,1
32250,0
44441,1
9242,1
23481,1
10169,0
12125,1
5238,0
25054,0
53251,0
41303,0
37966,0
12990,1
30737,1
31343,0
32696,1
70733,1
61587,0
23868,0
26465,1
32101,1
20818,0
15665,0
71934,1
4575,1
11851,1
62940,1
35966,1
25121,1
41542,0
55857,1
14089,0
28778,0
54244,0
54542,0
59267,1
70911,1
57183,0
10991,0
25909,0
64140,1
13557,0
1944,0
12085,1
67531,1
67770,1
18095,0
34575,1
15951,1
17006,0
16263,1
55154,0
38872,1
53990,1
10996,1
26614,0
8429,1
21303,0
17698,1
32190,1
53435,1
46107,1
48226,1
45673,1
115,1
18957,1
49886,0
52282,1
44628,1
68400,0
44796,0
19472,1
36725,0
71374,1
65079,1
31822,0
32201,1
51632,0
2293,1
64460,1
58740,0
29008,0
7458,0
29782,1
31601,1
63435,1
5945,1
72580,0
47698,1
6938,1
39784,0
31808,0
13060,1
42416,1
45306,1
33348,0
41626,1
19785,0
62132,0
69324,0
51934,0
49424,1
19838,1
56834,1
66836,1
38531,0
39426,0
30894,1
27726,0
50340,1
43249,1
49610,1
10558,0
55267,0
29460,1
72897,1
4918,1
49872,0
72652,1
36662,1
51013,1
14816,0
38759,0
5193,1
34016,1
24608,0
14192,1
68718,0
47996,0
13129,1
16582,0
2251,0
27010,0
1982,0
66278,0
5422,0
30712,1
20772,0
43514,0
14471,0
3431,0
40402,1
17258,1
70564,0
60569,1
31002,1
47955,1
56209,1
38027,0
16286,1
71624,1
71506,1
54247,0
4145,1
2566,1
11947,0
47535,0
45254,0
23535,0
71519,1
35187,0
68410,1
4318,0
70492,0
8816,1
62752,0
25718,1
16878,1
33609,0
3380,0
33139,1
27030,1
40825,1
5107,0
67782,0
70684,1
5572,0
60808,0
28878,1
37788,1
15850,1
15204,1
24933,0
40562,0
2156,1
44409,0
33699,0
64165,1
36385,1
45283,1
20097,0
67370,0
67106,0
44367,1
20798,0
9363,0
71590,1
68198,1
56014,1
64394,1
69168,1
53786,1
62515,0
19435,0
6267,1
4970,0
53560,1
70946,1
27922,0
46246,1
47506,1
18055,1
66604,1
17562,0
51120,0
65878,0
70227,1
68614,1
14052,1
50362,1
17835,0
35698,0
35182,0
34952,1
6766,1
56734,0
41956,1
53602,0
38513,0
59587,1
65748,0
17253,1
40710,1
20733,1
69514,0
41395,0
49204,1
62645,1
51657,0
70345,0
32050,0
62451,1
376,1
10347,0
64930,0
28637,1
24095,1
31685,1
52157,0
65376,1
61725,0
36858,1
24200,0
34242,0
56224,0
52187,1
49760,0
69252,0
40267,0
50342,1
70100,0
45349,0
69027,0
54210,0
40586,0
32580,1
28019,1
25366,0
71491,0
72709,1
2333,1
48303,1
248,1
45284,1
25971,1
14030,0
6280,1
67459,1
71413,0
9962,0
33555,1
38012,0
10081,1
72829,1
21938,0
24396,1
35785,0
58290,1
44555,0
61943,0
70410,0
40512,0
72844,0
70074,1
54722,0
69683,1
22485,1
57587,0
45661,0
44053,0
38437,0
29327,0
41575,0
32340,1
67711,0
33108,1
43644,0
35087,1
56588,1
19317,0
40999,1
64822,1
55370,0
63507,0
9797,0
46475,1
8919,0
42925,0
27331,1
28392,0
14594,0
17311,0
69965,0
38909,0
20901,0
52029,0
14800,0
18528,0
53503,1
7161,0
60114,0
39455,1
28655,0
42563,0
12690,0
8271,1
8179,0
21101,1
23469,1
70438,0
47673,1
53202,1
14294,1
52036,0
1897,0
20574,1
7803,1
31676,0
9415,0
68455,1
27573,0
30598,1
39793,0
9406,1
55535,0
10206,1
60333,1
45112,1
9034,0
34935,1
45247,0
28397,1
20606,1
65643,1
59469,0
40546,1
53725,0
3979,1
64344,1
48850,1
26178,1
59300,0
22683,1
69297,0
14105,0
48586,0
50554,0
43284,0
20473,1
50640,1
57398,1
51262,0
3093,1
37380,1
15685,0
56727,0
19896,1
42910,1
54937,1
35989,1
64049,1
38540,1
1080,1
22231,1
56614,0
27424,0
22931,0
65846,1
51308,1
60727,0
3744,0
58325,0
43751,0
65791,1
52537,0
18140,0
21470,1
23092,0
53701,0
65521,1
23136,1
29599,0
41139,0
14487,0
26626,1
4021,1
782,1
66492,0
3668,1
69476,1
11983,1
32555,1
57549,0
39876,0
15236,1
57582,0
4843,0
55613,1
39705,1
47825,0
3560,1
48310,1
7723,1
41149,0
43225,1
60901,1
47112,1
26762,0
17903,1
6837,1
63098,1
32884,1
27992,0
45470,1
71779,0
52490,0
59881,1
15551,1
20740,0
6178,0
49105,1
25472,0
17943,0
15260,0
2687,0
63025,1
22120,0
71201,0
3041,0
26501,1
54473,0
67012,0
70992,1
25595,1
39636,0
1440,1
25325,1
16028,0
28547,0
18841,0
7654,1
1856,1
44867,0
3759,1
69944,0
66670,0
24317,0
3307,0
34026,0
9066,1
37199,0
59691,1
2956,1
64668,1
49743,1
266,0
47795,1
58554,1
69403,1
30581,0
35845,1
41331,0
53636,1
123,1
41169,1
31632,0
31317,1
3605,1
66173,0
52134,1
61667,1
69732,0
18294,0
47976,0
26137,0
30864,1
17440,0
12221,0
38753,1
8583,0
18188,1
72564,0
33244,1
11906,0
63137,1
32571,1
44912,0
70187,0
23576,0
38615,0
64115,1
70909,0
31862,1
51235,0
65917,0
55828,0
42704,0
41163,0
60191,1
14453,1
72598,0
44062,1
51953,1
47204,1
21261,1
67962,0
36685,1
21609,1
41989,0
10744,0
17745,1
17155,0
53192,1
5002,1
16918,1
2951,0
2038,0
37984,1
5836,1
20880,0
61722,0
32677,1
7841,1
22005,1
31022,0
26753,1
30528,1
37668,1
36767,0
11141,1
14,1
20947,1
68378,0
53312,1
24552,1
46453,0
72204,0
59696,1
26556,0
61434,0
38068,0
8316,0
20541,0
388,0
47480,0
1914,0
59580,1
40358,0
32202,1
19737,1
25180,1
36409,0
54160,0
17452,0
19084,0
6437,0
64627,1
36633,1
61702,1
23402,0
40826,0
51241,1
19417,1
32911,1
4107,0
35363,1
67229,1
27026,0
42945,0
46810,1
62467,0
58102,1
62348,1
7604,0
43218,0
8655,1
30748,1
48620,1
20003,0
6563,0
15955,0
41683,0
57061,0
33943,1
71099,1
67432,0
39337,1
24395,0
39572,1
65431,1
60275,0
68773,0
22437,0
7491,1
36062,1
59499,0
19999,0
40689,1
65328,1
13826,1
54297,1
3330,0
53444,1
58127,0
46191,1
63198,0
34765,1
38296,1
50666,0
20898,0
58841,0
30468,0
30487,1
43689,1
20706,1
16736,1
16068,1
32066,1
16213,0
41767,1
55337,0
58438,0
28326,1
22044,1
5686,1
70803,0
43247,0
9960,1
19587,0
7577,0
22163,0
16841,1
15518,1
5542,1
37034,1
46102,1
60704,0
55747,1
67185,1
47208,1
726,1
68382,0
13896,1
35272,1
7721,1
9095,0
8221,1
27487,1
37104,1
54383,0
17116,1
52925,1
44969,1
44948,1
40133,0
69939,0
13473,1
43268,0
48140,0
42274,0
7292,1
28968,1
9153,0
44181,1
38672,1
40852,0
42572,0
50862,1
34779,0
59375,1
68918,1
32539,0
22270,1
21092,0
68714,1
6048,0
58982,0
37930,0
29447,0
59743,0
22818,0
30269,1
66097,1
44060,0
48203,1
37481,1
8627,1
58669,1
4234,1
21987,1
2282,1
63237,1
6598,1
49480,0
12775,1
42361,1
51900,1
8780,0
67513,1
66929,0
2905,1
41284,1
34351,0
38319,1
31160,0
4206,1
34424,0
53622,1
37893,0
41722,0
61222,0
65344,1
17701,1
40798,0
19239,0
12667,1
16868,1
39266,0
12152,1
26276,1
56842,1
37183,0
60212,0
58482,1
29478,1
20865,1
14417,1
2621,0
31141,0
11540,1
24568,0
65723,0
28816,0
46437,1
5072,0
70622,0
17666,1
24315,0
40070,1
28413,0
22980,1
5634,1
1729,0
21576,0
52083,1
60168,0
59774,0
41879,0
49615,1
11160,0
11447,0
56799,0
42575,0
15662,1
33323,0
69383,1
24106,0
41363,1
26305,1
26698,1
11517,0
22288,1
35974,1
16161,0
34927,1
10662,1
38372,1
42992,1
19782,1
6957,1
50177,0
7450,1
37457,1
11626,1
4531,1
44741,0
71191,0
53753,0
43860,1
17467,0
30190,0
23122,0
22106,1
14456,0
28526,0
62527,0
17559,0
44244,0
28301,1
51904,0
36965,1
60072,0
62755,0
6867,0
72188,0
30594,1
51041,0
49319,0
5729,0
64424,0
29362,1
27484,1
63163,1
26718,0
57536,1
65698,0
46595,0
32669,1
44188,0
60809,0
5884,1
68981,1
48082,1
4783,0
41401,0
36344,1
4231,1
42101,1
54469,1
72725,0
10701,1
43060,0
52327,0
54981,0
13297,0
36156,1
30546,1
63956,1
36083,0
62298,0
33148,0
3503,1
71642,1
63879,1
16192,1
55532,1
21440,1
40724,1
57290,0
23083,0
42175,1
41431,0
38100,1
51789,1
17104,1
22083,1
41865,1
66727,1
42998,1
34416,0
70476,0
31664,1
53943,0
39654,1
26482,0
68258,1
45192,0
53076,0
64692,1
14785,0
28935,1
3012,0
69879,0
57137,1
25162,1
59749,0
15781,0
16654,1
24849,0
37440,1
72805,0
61757,0
32855,0
61389,0
49949,0
72334,0
64917,0
35402,1
68233,0
3507,1
50991,0
60498,1
71346,0
36177,0
65395,1
24730,1
25354,1
69524,0
16873,0
54526,0
68272,1
59413,1
71526,0
16365,1
24847,0
33464,0
48493,1
12894,0
28677,1
66790,0
19234,0
17365,1
12132,1
28649,0
17014,1
72607,1
56263,1
42878,1
63064,1
21523,1
49953,1
4603,0
9004,1
27966,0
55468,1
65959,1
33782,1
70171,1
70675,1
46864,1
44959,1
27815,1
3953,0
27550,0
67949,1
6279,0
6863,1
50356,1
1128,1
28011,1
59595,0
31018,0
18211,0
19571,0
17833,0
8935,0
12857,0
17182,1
38848,0
53877,1
29353,1
20935,1
65216,0
43319,0
14690,1
35345,1
64509,0
57711,1
14832,1
56607,1
39472,0
28488,0
4070,0
4614,1
26798,0
45293,0
4,0
22967,1
67932,0
14771,1
71748,1
46084,0
58059,1
64157,1
72611,1
23004,0
9487,1
35441,1
52084,1
60192,1
15881,1
48389,1
7514,0
6886,1
12150,1
52472,0
10749,1
16461,0
63090,1
51775,1
68066,1
32651,1
34319,0
17736,1
30380,1
70430,0
64837,1
60858,0
47553,1
5619,0
65564,0
28594,1
46373,1
21858,1
64966,1
6885,1
34374,0
23321,0
19863,1
39450,1
41916,0
53006,1
60506,0
36335,1
9680,0
54070,1
12961,1
70344,1
11110,0
52394,1
24280,0
70364,1
39169,0
12476,1
71632,1
69455,0
21353,0
30221,0
72637,0
18930,1
9783,0
17409,0
12087,1
41137,1
35362,0
55797,0
42221,0
6453,1
62055,0
45815,0
49591,0
58767,1
29853,1
42133,0
21572,0
62747,1
69432,1
33448,1
11729,1
58345,0
27159,1
30643,0
29608,0
45329,0
69116,0
39925,0
40372,1
22872,0
54575,0
27209,1
42401,1
48698,0
33610,1
50709,1
7768,0
7043,0
25288,0
25410,0
26280,0
57717,0
15623,0
49381,0
59006,1
62432,1
65954,1
7499,0
19675,1
49554,0
58296,0
64721,0
25804,1
55218,1
15296,1
41970,0
18238,0
55357,1
2695,1
12461,0
63471,1
48371,0
66493,0
55606,0
12600,0
68281,0
54804,0
52045,1
18255,0
24907,0
66269,1
47562,1
34478,0
7209,0
10584,1
68737,0
17506,0
52218,1
307,1
38784,0
31651,1
47775,1
768,0
13889,0
50830,0
60805,0
53783,1
42174,1
49059,0
22334,1
38841,1
26706,1
69392,1
53234,1
26597,0
31812,0
39910,0
19633,0
45768,1
67912,1
35346,0
65636,1
45933,1
5296,1
68047,0
11796,0
6699,0
36943,0
53272,1
38520,1
27660,0
16934,0
55599,0
24227,1
14247,1
32939,1
61574,0
33221,0
29872,1
26442,1
27749,1
7544,0
53464,0
1047,1
43809,1
33563,1
11922,0
37500,1
71167,0
71952,1
35882,0
44978,1
20195,0
53432,1
27285,1
2802,1
15117,0
23792,1
48707,1
20124,1
36741,1
48605,0
19339,0
32446,0
5576,1
34529,1
30516,1
9605,1
71726,1
50987,1
63902,0
15090,0
49414,0
24028,0
26361,0
8519,1
29276,1
2281,0
23356,0
43739,0
37725,1
62710,1
36657,1
71464,0
31398,0
1737,1
52150,1
21712,0
21587,1
62960,1
51469,1
37306,1
71574,0
14036,1
32142,0
68867,0
16490,0
17800,1
32595,0
643,0
20945,0
6083,0
49973,1
72193,1
51861,0
12307,0
47146,0
32320,0
6629,0
42129,1
38607,0
64778,0
57683,0
45204,0
5737,1
17872,1
34386,1
18367,0
28253,1
65948,1
54704,0
800,0
39749,0
38210,1
30399,1
55041,1
20410,1
66516,0
63236,1
4692,1
5025,1
34997,0
42018,0
59760,0
46405,1
61073,1
36737,1
71932,1
29497,0
13554,0
62916,0
53872,0
15385,1
61336,1
33637,1
32962,0
19498,0
24512,1
22599,1
36620,1
27527,0
72137,1
20583,1
23154,1
65672,0
43196,1
55510,1
64865,0
48739,0
464,1
13710,1
16081,0
24216,1
39566,1
49917,1
19408,1
39863,1
71548,0
28394,1
35109,1
12385,0
36743,0
17189,1
41119,1
36952,0
19510,0
48490,0
59217,1
27007,0
38263,1
22739,0
4149,0
23403,0
16930,1
42374,0
33999,1
29316,0
56335,1
19513,1
69573,1
33619,1
11861,0
66071,1
9934,0
30104,1
62173,0
55760,0
62294,0
56918,1
25109,1
17485,1
5471,0
39020,0
68142,1
55409,0
23088,1
17303,1
49170,0
42096,1
36599,1
7202,0
63546,1
204,0
16283,1
41356,1
37980,1
32215,1
27903,0
932,0
33320,1
18079,0
23527,1
17708,1
61679,1
60667,0
20709,1
10170,1
12874,0
31279,0
62392,0
17529,0
56974,0
16623,0
23218,0
49344,0
67939,0
3392,0
25724,1
61025,1
13736,1
71822,0
16917,0
64551,1
13012,0
65205,1
30471,0
7092,0
22051,1
39368,1
68127,0
32420,0
23934,0
68369,1
7148,0
54700,0
69203,0
61493,1
4998,1
39107,0
29043,0
38185,0
46719,0
39535,0
69856,1
8733,0
25356,0
52409,1
41219,0
72647,1
64798,0
47902,0
38558,0
47402,0
53038,0
15709,0
35176,0
38709,0
30850,0
35033,0
56972,1
15328,1
54840,0
54932,0
15637,1
64931,1
69980,0
11009,1
42705,1
34237,0
41688,0
39191,1
40237,1
27899,1
4167,0
34979,1
16586,1
18310,0
38688,0
56241,0
32743,0
363,0
30345,1
37872,0
41527,0
9964,1
41859,0
70140,0
15874,0
65779,0
10436,0
7498,0
68974,0
24989,0
45216,1
25566,0
24378,0
44458,1
21625,0
7285,1
16406,1
62945,1
7401,0
21999,1
15840,1
58272,0
29866,0
52841,0
18189,1
50928,1
50243,0
55525,1
57144,0
58318,0
35612,0
4270,0
39263,1
57636,1
45721,1
26787,1
18480,1
62464,0
68171,0
54128,0
17222,0
47435,0
40650,0
57349,0
19620,0
59309,0
1743,0
39632,0
3300,1
9821,0
44700,1
50857,0
64196,1
12320,1
27840,0
53845,0
27253,0
15272,0
54342,1
63512,0
70043,0
69059,1
25894,0
40069,1
42313,0
68169,0
14137,1
70154,1
32070,0
13069,0
68906,1
19165,0
22775,0
35111,1
4169,1
55544,1
69644,0
51629,0
46112,1
28347,0
7398,1
12735,1
47564,1
69314,0
64830,1
8718,1
30168,0
49830,0
71666,1
6994,1
24229,1
1616,0
69505,0
15375,1
65329,0
3917,0
45658,0
43198,0
46434,1
70457,1
20151,0
21886,1
8405,0
29416,1
56101,0
52098,1
17875,0
14061,1
32885,1
19828,1
2318,1
12418,0
53397,1
14567,0
42717,1
66856,0
72914,1
15251,0
53137,1
12456,1
29952,1
47085,0
14900,1
59729,0
29768,1
30004,0
26785,1
46769,1
60890,1
44322,0
70802,1
43584,1
32503,1
4866,0
7471,1
54510,1
70917,0
17081,0
13482,0
60822,0
65850,0
36892,0
42150,0
70536,0
43737,0
17102,1
51623,0
30125,0
54590,1
8085,0
50147,1
21055,0
13756,1
42714,0
21611,0
68860,0
12895,1
64597,0
14166,0
2990,1
65542,0
22017,1
5917,1
45976,1
13191,0
57136,1
7465,0
22003,1
40060,1
30892,1
23852,0
25029,1
47457,0
57042,1
17705,0
51777,0
40211,1
6152,1
66445,1
23586,1
46726,1
3490,0
43427,0
49282,0
39041,1
52216,1
30020,1
54498,1
58016,0
14288,0
71485,1
45627,0
29710,0
35555,1
14572,1
32576,0
14541,1
12772,0
45460,1
11952,1
61511,0
3233,0
49990,1
57091,0
44693,0
51796,0
26463,0
25107,1
65651,0
12347,1
7621,1
14110,1
28826,0
67940,1
48190,1
45941,0
39601,1
28235,1
3715,1
51941,1
22912,0
24292,0
53193,0
67305,1
28342,0
25165,0
64091,1
29375,0
66139,1
20495,0
56351,1
26038,0
912,1
37149,1
42083,0
601,1
44581,0
39742,1
56465,1
33779,0
23046,0
25826,1
70638,1
72256,0
37778,1
32787,0
70508,1
18918,0
6346,0
46116,1
24007,0
69864,0
22867,0
16697,1
52564,1
25230,1
69035,0
17113,0
6024,1
47512,1
34251,1
59827,0
37399,1
52760,0
21554,0
42317,0
17216,0
5376,1
24481,0
49097,0
9862,0
37478,1
8766,0
57185,1
17624,0
59908,1
51101,1
51201,0
7663,0
59082,0
42953,0
16761,0
60086,0
3600,0
70715,1
18678,0
71350,1
41860,0
11548,1
35718,1
48728,1
66720,1
72882,0
42335,1
5730,1
46193,1
5723,0
12570,1
5427,1
57861,1
25037,1
22408,0
70630,1
17337,1
31015,0
59086,0
31349,0
62595,0
35297,0
42278,1
14182,0
22562,1
64039,0
57186,0
3517,0
12421,0
29759,0
67246,0
25491,0
70416,0
61459,1
8603,1
25779,1
18578,0
28386,1
32438,0
22694,1
36870,1
55794,0
9036,0
52017,0
23305,1
68713,1
34862,0
33622,0
43752,0
22547,1
8269,1
53836,0
38173,0
33247,1
51325,0
12817,1
9513,0
15011,0
41400,0
25490,1
26550,0
9895,1
59476,0
38755,1
58283,1
41800,1
55979,1
9738,1
53170,0
50774,0
34950,1
52525,1
63425,1
23898,0
10902,1
56492,0
59719,0
37882,0
46603,1
71732,1
69551,1
19907,0
1746,1
33813,1
15859,0
26559,1
46306,0
53870,0
34000,1
68315,0
6210,1
15267,0
51989,1
66430,1
44484,1
44151,0
18400,0
20001,0
29090,1
29104,1
5181,0
3427,1
55918,0
9452,0
58379,1
1010,1
9868,1
45789,1
7743,1
46526,1
24992,0
2857,1
25520,0
13049,1
62607,0
32077,1
14299,1
66294,0
46946,0
61323,1
47920,1
63949,1
64130,0
72147,1
48851,0
8913,0
59521,1
38783,1
13949,1
11145,1
54971,0
49357,0
1759,0
68664,0
59765,0
49849,1
41584,0
52047,1
4510,1
72649,0
19186,1
44816,1
41691,0
48293,0
44122,0
7181,1
58703,0
22517,0
50815,0
9545,0
47501,1
13553,1
21393,1
30440,0
65572,1
19376,1
2576,0
6444,0
6985,1
47539,0
63789,1
57078,0
30083,0
53102,1
70708,1
71886,1
7494,1
23841,0
52140,0
25622,1
29474,1
70214,1
21424,0
45669,1
43209,1
46356,0
38369,0
50699,0
14241,1
33013,1
68442,0
29073,0
17138,1
23734,1
20938,1
25959,1
33983,1
51278,1
3097,1
59503,1
56852,1
3334,1
64238,0
25867,0
25906,1
66063,1
6882,1
18663,1
67235,1
57258,0
31120,1
43376,0
38494,1
1788,0
57896,0
3345,0
41924,1
61987,1
55621,0
53012,1
18762,1
55559,1
5065,0
14813,0
59167,1
47948,1
35094,0
20790,1
18180,0
59955,0
51888,1
54369,1
53994,0
33703,1
59773,0
37888,1
47999,0
20658,1
23574,1
38160,1
11176,0
39291,0
4462,1
16191,1
9201,0
64823,0
52046,0
56166,1
29702,0
26315,0
71573,0
68356,0
60464,1
65228,0
47305,0
50157,1
63186,1
27974,0
13336,0
27659,1
69487,0
15723,0
20364,0
55610,1
64660,1
42738,1
70243,1
11907,0
70787,0
41990,1
31779,0
6713,1
21027,0
36142,0
52586,1
67043,1
33482,1
5584,1
32036,1
5032,1
18696,0
65335,0
70126,0
11732,1
26692,1
68440,0
625,0
33462,0
42102,1
52335,0
55137,0
54718,1
67377,0
59745,0
22108,0
39322,1
18148,1
5797,1
14455,0
56521,1
42662,1
46421,1
1459,1
32856,0
38561,0
44926,1
63745,0
61636,0
11443,1
2306,0
36813,0
51602,1
52050,0
2787,1
57383,1
24228,1
23891,0
42205,0
30478,0
51205,1
54857,0
35761,1
42996,1
58553,1
19890,1
26412,1
11591,0
23777,1
31751,1
29815,0
21850,1
7649,1
64258,1
27789,0
72041,0
36347,0
21269,1
23267,1
64859,1
47066,0
20563,0
15760,1
42034,1
44212,1
2852,1
17494,1
38789,1
19021,0
45643,0
16859,1
8547,1
28933,0
67006,0
2412,1
55000,1
58812,1
63536,1
3162,1
62513,0
34925,0
7529,1
24729,0
29658,1
44242,1
3640,1
2247,1
28363,1
49281,1
7760,0
36989,0
7076,1
21094,1
39342,1
50505,0
29643,0
48836,0
26666,1
52105,1
65592,0
37919,0
9533,0
7023,1
52691,0
71072,0
15312,0
42494,1
28626,1
19442,1
12200,1
35808,0
31609,1
34657,1
53362,0
41708,1
15228,1
22424,1
49490,1
52272,0
68113,0
14480,1
15553,1
10451,0
43152,0
9098,0
30344,1
37502,1
71845,0
7337,1
13974,0
66093,0
37848,0
64530,1
52458,0
69855,1
55819,0
21713,0
8079,1
39332,1
67144,1
1156,1
50301,0
53376,1
7537,0
26830,1
10915,1
40868,1
10430,0
42765,0
15801,1
28630,1
4789,1
43454,1
9811,0
29933,0
17966,0
17119,0
64215,1
36597,1
58416,0
518,0
32627,0
70346,0
7324,1
3581,1
26102,0
55991,0
67878,1
22583,0
22086,0
19216,0
69592,1
71936,0
48587,0
5294,1
1805,0
57198,0
26132,1
32165,1
66461,0
17449,0
66876,0
38060,0
48677,0
12438,1
42341,1
60389,0
3288,0
45223,1
6962,0
49388,1
40167,1
39608,1
19051,1
49885,1
59277,0
45352,1
37901,0
10415,0
52217,0
47115,0
6167,0
31486,0
20607,0
72552,0
28517,0
9028,1
39678,0
38271,0
5630,1
51352,0
49239,1
65895,1
49374,0
10400,1
16734,0
37450,0
71776,1
48076,1
30290,0
13435,0
47390,0
32838,0
4057,0
53331,1
6065,0
3532,1
32170,0
26031,0
51678,1
40352,1
61084,1
66504,0
67613,0
14219,1
72201,1
54476,0
53399,0
24018,0
12595,1
16635,1
33959,0
67662,0
39372,1
48481,0
46035,1
41999,0
54771,1
53340,0
25116,1
50161,1
35650,0
7745,0
21865,1
36269,0
21974,1
45696,1
62226,1
34301,0
40508,0
42323,1
13092,0
41062,1
46036,1
62936,0
65422,1
61622,0
62972,0
61091,1
29531,0
401,1
36195,1
51768,1
3758,1
70844,1
24514,0
21084,0
47332,1
41895,0
66637,1
52812,0
50095,0
17244,1
31856,1
49185,0
28949,0
47227,1
52523,0
16400,1
48804,0
65340,0
43716,1
18449,1
53255,0
22330,0
67589,1
58431,1
21855,1
30220,1
43601,0
1646,0
25518,1
68480,0
68670,1
49903,0
43443,0
8176,1
8725,1
45871,0
23437,1
38048,0
8882,1
59037,1
3703,1
61889,1
43058,1
62811,1
66951,1
20489,0
44240,0
20889,1
21507,0
28348,0
23857,1
10330,0
72127,1
60411,0
29272,0
65416,0
23243,1
42660,1
16408,0
3283,0
4045,1
63984,0
57709,0
5292,0
67899,0
52349,0
5268,1
59918,0
19804,1
18499,0
46110,1
42713,1
19289,1
43154,1
64485,1
56175,1
12383,0
36206,1
50722,0
24324,1
24694,1
51708,0
41510,0
20013,1
17225,1
50023,1
52387,1
56739,0
69543,1
23648,0
15045,0
69532,0
7970,0
52154,0
3681,0
8653,1
34031,0
60904,0
15636,1
8084,0
44763,0
12291,1
32324,1
34689,1
2493,0
5670,1
49737,1
53548,0
60358,0
38713,1
60047,1
63349,0
68226,1
67114,0
65050,0
5046,0
70650,0
157,0
18815,0
12943,0
38415,0
32459,0
1576,0
4580,1
20386,1
45082,1
66416,1
22827,1
67083,1
66226,1
26731,1
39892,0
42899,0
34115,1
67890,0
38202,0
56572,1
67564,0
38118,0
52196,1
45828,1
56429,1
34554,0
1645,0
1555,0
37602,1
12518,0
67944,0
36475,0
24614,0
8052,1
47557,0
38622,1
58714,1
56553,1
29266,1
35657,0
70465,0
21950,0
8222,1
13550,0
57196,0
59659,0
54901,0
13200,0
3343,0
72141,0
22215,1
1480,0
41340,0
31062,1
36862,0
54827,0
31572,1
13048,0
10243,1
61394,0
66686,1
58892,1
44357,1
25,0
42405,0
13282,0
38497,1
68200,0
30772,0
25789,1
53592,1
38767,1
17874,0
17952,1
36216,0
45707,1
53469,0
55179,1
39356,0
31925,1
64381,0
59411,1
33562,0
10926,1
52948,1
58690,1
17430,0
68576,1
8341,0
15343,0
49663,1
2045,1
40113,1
4893,0
56953,0
30785,0
14688,1
70765,0
31402,1
66048,1
27295,1
37061,0
70242,0
1087,1
26179,1
22591,0
58656,0
67449,0
41377,1
31311,0
68601,0
4389,1
57363,0
20272,1
19012,0
6053,0
15245,0
12941,0
46161,1
17056,0
57201,0
41034,1
37201,1
2963,1
50768,1
30601,1
11721,0
27645,1
49598,1
50317,1
67997,1
55635,0
49034,1
58465,1
36406,0
26364,1
45615,1
45862,0
48650,0
47431,1
69826,0
66485,0
28646,0
8581,1
4309,0
1562,1
36792,1
25586,1
6202,0
14372,0
68104,1
46554,0
44171,1
942,0
48927,1
22851,1
3390,1
20257,0
37790,0
70778,1
46823,0
40991,0
30897,0
51547,0
22711,1
24002,1
61291,0
19556,1
55066,0
11240,0
32464,1
54177,1
42156,0
64508,1
63992,1
32542,1
41500,0
67262,0
49261,1
8368,1
19753,1
19190,0
63177,1
10325,1
62845,1
29930,1
20648,0
45133,0
15448,0
48600,1
36762,1
26519,0
67281,0
369,0
36155,0
42277,0
28256,1
21322,0
2542,1
42602,1
10360,1
33927,0
33115,1
39599,0
23075,0
51286,0
66062,0
29624,1
11366,0
53676,0
48958,1
64582,1
51260,0
20732,1
62046,0
25377,0
37744,0
71969,0
66465,1
29790,1
23627,0
57492,0
44793,0
9070,0
13668,0
50463,1
36957,0
9863,0
1943,0
55770,1
53356,0
1519,1
62966,0
53030,0
48395,1
50074,1
43921,0
8777,0
38579,1
57090,1
48795,0
18183,0
38731,0
11364,0
3828,1
35316,1
2051,1
35803,0
49947,1
60346,0
68686,0
58949,1
24088,0
49728,1
48655,1
62691,1
61166,1
60182,0
66282,0
56809,0
10745,0
17498,1
22381,1
2736,1
13651,0
30461,0
8477,0
5340,0
54419,1
25287,0
28434,1
22905,1
29333,0
67356,1
6381,1
53305,0
7222,0
15789,1
23049,0
66182,0
43861,0
57220,1
70174,0
38739,1
67921,1
61919,0
8676,0
64809,0
32283,0
40225,0
59071,0
51638,1
29907,0
922,0
30968,0
30985,1
52365,0
59378,0
91,0
19157,1
58853,1
49136,1
3719,0
8940,1
53160,1
39058,0
20900,1
66805,1
68876,0
35367,0
51604,0
65986,1
17110,1
68559,0
48365,1
60100,1
69635,0
64094,1
57510,1
25803,1
10434,1
31111,0
47672,1
27528,1
62661,0
40893,1
34741,1
69001,1
51754,1
58960,0
43933,1
43035,1
70826,1
10118,0
43296,1
32794,0
68837,1
10657,0
67421,1
5454,0
6955,1
27803,0
13031,0
21743,1
66191,0
55361,1
64362,1
37344,0
2305,0
16183,1
6973,0
3793,1
24562,1
25581,0
30143,0
70163,1
35573,1
34668,1
13759,1
46681,0
46329,0
23932,0
30050,0
39509,0
47341,0
55616,0
19301,1
47049,1
18934,1
36457,1
26883,1
25834,1
32998,0
29948,0
57426,1
52203,0
18823,1
56359,1
31477,1
47804,0
70934,0
22013,1
41124,1
22691,1
47876,1
65869,0
65462,1
36948,0
44773,0
7558,1
53506,1
27787,1
14875,1
20138,1
53105,1
29089,0
2468,1
66161,0
57886,1
53274,1
62549,0
26483,1
60149,0
52603,1
63082,1
12878,0
41711,1
39682,1
14783,0
36667,0
34490,0
27552,1
50499,1
37430,0
50721,1
45314,1
53963,0
17964,1
43353,0
65836,0
5447,1
33454,1
51523,1
60660,0
36629,1
25208,0
62925,1
69425,1
57086,0
16807,1
48666,0
23757,0
35273,1
5460,0
8525,0
61954,0
72246,0
63350,1
69602,1
20330,1
31620,1
7459,0
17722,0
12737,0
69085,0
39855,1
41830,1
22460,1
68927,0
21290,1
38208,1
46775,0
31258,1
17424,1
65107,1
58128,0
70079,1
59875,1
68159,1
67094,0
51427,1
46877,1
63091,0
72068,0
48644,1
57348,1
8168,1
40984,1
23035,0
62642,0
66011,1
13784,0
50141,1
47039,1
56936,1
50345,0
1855,1
49317,0
15498,0
11264,1
66651,0
68747,0
29625,0
52643,0
65697,0
55732,1
1415,0
47779,0
67241,0
47566,0
67744,0
32836,1
18248,1
30534,0
5492,1
26075,1
43657,0
52131,0
11875,0
30428,1
8027,1
36803,0
61186,0
16829,0
58798,0
55449,1
22426,1
54973,0
12409,0
47116,0
31829,1
29878,0
29915,1
12029,0
45543,1
72373,1
32453,1
38844,1
58728,0
53561,0
26359,1
64065,0
37846,1
19184,1
15828,0
60011,0
45610,1
52922,0
43589,1
21204,1
17252,1
14041,1
24174,0
59336,0
60749,0
70851,1
58139,1
38911,0
62402,1
1200,0
53660,0
7666,0
35251,1
9132,0
31668,0
44643,1
71356,1
10238,0
33004,1
20092,0
45829,0
43503,1
57827,0
34399,0
59112,0
49251,0
63056,0
6924,1
48623,0
9949,1
62312,0
63454,0
63762,1
40633,1
28801,0
15140,0
44608,0
51884,1
38215,0
21313,0
9022,0
68770,1
65150,0
69040,1
32681,1
46310,1
22434,1
15600,1
34714,1
7386,1
15839,1
2380,1
3196,0
27854,0
23988,0
3827,0
5504,0
64395,1
54623,1
21521,1
22880,0
29922,1
55526,0
51862,0
9893,1
24882,0
22620,1
11910,0
22439,1
12070,0
66261,1
54443,0
25347,1
42643,0
3183,0
13859,0
32622,0
39584,0
9181,1
39476,1
66066,1
55924,0
59047,1
34878,1
37539,0
44526,1
11119,1
19670,0
66247,1
22292,1
38157,0
53328,1
15886,0
41547,0
52827,1
18757,1
38460,1
19738,1
62491,1
68897,1
36485,0
43195,1
57452,1
47776,1
5734,1
57803,0
16535,1
28045,1
68647,1
29596,0
67303,0
60193,0
44696,0
38057,1
14924,1
17263,0
70958,0
57442,0
27807,0
35409,0
50954,0
67672,1
54218,1
61367,0
36046,1
57867,0
14386,1
55014,0
58456,0
67093,0
35078,0
30491,0
14812,0
8872,0
40861,0
66839,1
39912,1
51294,1
38895,0
46871,0
46431,0
58855,1
17257,1
6102,0
21475,1
29271,0
21077,1
47481,1
31801,0
70149,0
56881,1
10821,0
30482,0
70022,1
30299,1
51753,0
68782,0
20627,1
28647,1
24120,1
16929,0
39147,1
63744,0
33884,1
53271,1
52239,0
12663,1
40242,1
9719,1
44338,1
58194,0
45986,0
39852,1
60284,1
57437,0
70621,0
23667,0
18093,1
29683,0
59829,0
5904,0
59193,0
16977,0
56896,0
40812,0
55587,0
11200,1
7284,0
21256,1
39781,1
60209,0
38626,1
12554,0
64516,0
64086,0
26530,1
14522,1
65406,0
41430,1
38354,0
61007,1
53558,1
35296,0
27322,1
28708,1
58394,0
49332,1
35866,1
67941,0
43352,1
5102,1
67981,1
58617,1
27004,0
4861,1
69564,1
7291,0
15607,0
17982,0
61089,0
51441,1
23780,1
13580,0
32290,1
57726,1
55723,0
57203,1
43790,1
62722,0
13326,0
35914,1
15218,0
38903,0
10112,0
26327,0
30707,1
51654,0
72403,0
47061,0
28678,1
17542,1
43396,1
56059,1
2818,0
5665,1
3442,1
9630,0
18108,1
611,0
50160,1
40990,1
26033,0
33757,1
11064,1
33035,1
41554,0
69287,0
14107,0
58760,0
9902,0
54794,0
18670,0
27281,1
34118,0
28622,1
57303,1
71056,0
24047,1
67231,1
43269,1
36564,1
57924,1
135,0
25778,0
35398,1
18786,1
61929,1
69823,1
57422,1
23930,1
9051,1
19209,0
32587,0
65853,1
43931,0
36731,1
11398,1
21431,1
71149,0
6341,0
19271,0
56398,0
18954,1
69893,0
12365,1
39541,1
15799,1
46416,1
26103,0
7155,0
54195,1
35752,1
15324,0
21779,1
37776,0
21586,0
66917,0
22039,0
30519,1
47689,1
71433,1
35055,0
28142,0
68815,0
28480,1
62956,1
41701,0
38328,1
36372,0
45982,1
22874,0
69370,1
21379,1
39767,1
2663,0
46273,1
59750,1
7911,0
13120,0
35648,1
7432,0
35408,0
17918,0
14831,0
68178,0
35893,1
32356,0
28858,1
39467,1
28024,0
57130,1
68268,0
989,0
69881,1
23959,0
65011,1
49811,0
38472,0
20079,1
67137,0
42947,1
14611,1
20323,0
61740,1
70061,0
12632,1
14150,0
21632,0
31482,0
65546,0
47949,0
49753,0
35047,0
5568,1
54223,0
68276,0
64743,0
47525,1
17981,1
6235,0
27333,0
15221,0
66789,1
43192,1
61153,1
58526,0
44270,1
7860,0
20850,0
8484,0
47745,0
31254,0
56373,0
52573,0
43158,1
7954,1
65973,0
8921,0
67406,1
18720,0
71071,0
2239,1
32720,0
62006,1
40670,0
27254,0
47658,1
52826,0
6399,1
24494,1
72671,1
7631,1
15598,0
52596,0
60068,1
27206,1
6159,1
8237,0
22508,0
10402,0
23209,1
54725,0
45990,1
32631,0
28748,1
28533,0
44818,1
63298,1
36634,0
54064,0
37242,0
18126,0
58659,0
12899,0
62325,0
59863,0
38095,0
57389,1
69172,0
10642,0
7734,1
54536,1
37217,0
50785,1
60138,0
10387,0
72374,1
24934,1
13428,0
11419,1
10406,1
15085,0
35631,0
16172,0
23086,1
7362,0
676,0
48297,0
9573,0
58869,0
33801,0
2210,0
5077,0
34983,0
33045,0
57605,1
61724,0
24008,1
37466,1
68549,0
59684,1
63175,0
24640,1
32751,0
23604,1
38330,0
65100,0
16279,1
44567,1
25140,1
58201,0
5265,0
2979,0
59967,1
44713,0
50503,0
66677,0
2007,1
37967,1
31347,1
38042,0
53061,0
47129,1
49964,1
60050,0
47064,0
11400,1
41891,1
67920,0
5449,0
5068,0
59632,0
4035,1
71678,0
25248,0
64742,0
31110,1
59342,1
38043,1
32379,0
72148,0
20090,1
10022,0
41138,1
16345,1
46078,0
61255,0
55282,0
9167,1
7060,1
71194,1
47145,0
50354,0
18296,1
7480,1
51212,1
46850,0
41115,0
38980,1
55208,1
17652,1
71647,0
58701,0
13723,0
6177,0
57594,0
20117,0
50824,1
5090,1
49304,0
62207,1
21214,0
2926,1
56160,1
13785,1
38898,0
8770,1
16615,0
14684,1
72498,1
62736,0
4807,0
56312,1
39769,0
13757,1
52502,1
10686,0
20513,1
17709,0
40056,1
11811,1
37626,0
40677,1
26028,1
46209,0
11864,1
22800,1
5926,0
13455,1
481,0
38666,0
1012,0
53020,1
39701,0
3399,1
63506,1
61426,1
49799,0
25364,0
23232,0
43555,0
65035,0
24244,0
43522,0
46649,1
22736,1
53022,0
64641,0
56608,0
9039,1
14820,1
14798,1
17816,0
3484,1
63911,0
41595,1
24416,1
23910,0
8789,1
17842,0
35477,0
71954,0
41762,1
49123,1
14955,0
68479,1
54655,1
19257,0
65002,0
30661,0
12858,1
24112,0
67240,0
19589,1
60416,0
54081,0
35369,1
22741,0
24965,0
66570,1
46829,0
33109,0
40189,0
62007,1
8446,1
12745,1
12915,0
45630,0
36545,0
4738,1
61858,0
58317,1
47820,0
57513,0
57147,0
3010,1
26199,1
13545,0
961,0
4917,1
57699,1
17288,1
60057,0
21459,1
65038,1
60125,1
69974,0
53374,1
33560,0
22384,1
36693,1
5615,1
2801,0
43471,0
48073,0
66114,1
60412,1
56274,1
29243,1
29172,1
29810,0
20141,0
28891,1
55067,1
25417,1
27028,0
67936,1
40567,0
14254,1
49315,0
41229,1
37689,1
66356,0
41835,0
59738,1
4112,1
31433,0
42659,1
44717,0
8407,1
32704,1
53458,1
61306,1
65932,1
60782,0
49564,1
14823,1
34292,0
5128,0
23236,1
40635,0
39754,1
55333,0
62460,1
49855,1
10729,0
42654,0
63565,1
18161,0
42976,0
54838,0
44189,1
8657,1
11519,1
5514,0
44548,1
19384,0
47827,0
6360,1
36229,0
33055,0
29754,0
31403,0
58460,1
32436,1
4093,0
60776,0
50628,1
49335,0
35607,0
63830,1
58927,1
12907,1
36131,0
26450,1
68359,1
43302,0
23502,0
44391,0
44360,1
31408,1
19024,1
44506,0
14639,1
27797,0
14091,1
3813,0
6833,0
37917,1
9265,1
67554,1
55222,1
22412,1
9021,0
42312,1
12174,0
71057,0
113,0
68798,1
20435,0
65998,0
43799,1
55436,0
46079,0
55228,0
14038,1
38436,0
28246,0
33019,1
45744,1
10129,1
61671,1
49896,0
42540,0
50326,1
12520,0
70941,1
55424,0
14987,1
42556,0
41412,0
26221,0
22565,0
67107,0
72548,0
36079,1
61068,1
53007,1
44707,0
53135,1
72079,1
36487,1
23105,1
10604,1
23157,1
51648,0
20728,0
33290,0
68408,1
51634,1
41600,1
50680,1
69896,1
43507,1
50071,0
16645,0
62746,0
57689,0
24714,0
28169,1
4777,0
29400,1
69588,1
34133,0
34339,1
67002,1
26652,1
19312,0
60109,1
8973,0
68295,0
12855,1
69685,0
15254,0
1527,0
7307,1
26273,1
27932,0
23349,1
38351,0
63749,0
21544,0
27535,1
65042,0
3820,0
25934,0
54173,0
69550,1
66758,0
32943,1
54014,1
26067,1
39126,1
15885,1
25968,0
64535,0
62923,0
53381,0
63658,1
13617,0
66647,0
53208,0
47735,0
60342,0
37435,1
49217,0
37042,1
57338,0
60855,0
12744,0
15299,1
40784,1
13261,1
67101,0
32033,0
26761,1
52971,1
44429,1
40371,1
15447,1
72368,0
70926,1
66593,0
71472,1
53310,1
61111,1
47822,1
70399,1
5770,0
24553,1
43929,1
32581,0
9845,0
8361,0
67729,0
11383,0
42931,0
57150,1
20436,0
61819,1
9957,0
35673,0
44935,0
50285,0
20903,1
56341,1
4898,1
31988,0
30566,0
36114,1
44461,0
11291,0
55254,0
58056,0
50631,0
37318,0
44226,0
67618,1
54837,0
60503,1
55716,0
45505,0
19227,1
23843,1
69892,0
54692,1
47496,1
61149,0
19906,0
27880,1
28232,1
6349,0
67271,1
49269,1
34773,0
64401,0
55601,0
72880,0
72308,1
72934,0
21197,1
9675,1
8565,1
64013,0
66370,0
60237,0
20282,1
64158,0
14656,1
10454,0
70627,1
43243,0
21031,0
36394,0
41057,0
31065,1
26999,1
6264,1
2106,1
880,0
51651,1
37826,1
41036,0
67833,0
26242,0
7402,1
242,1
52402,1
48488,0
33356,0
51387,0
21286,1
58174,1
48843,1
72161,1
28362,0
68993,0
38316,0
60462,1
20477,0
52843,1
36019,1
32523,0
30294,1
48557,0
58981,0
38217,0
4656,1
70499,1
18722,1
35975,1
53365,0
36360,0
42060,1
7438,0
19363,0
26796,0
37515,1
34541,1
44599,1
14029,1
19388,0
57606,0
34742,1
29155,0
36348,1
54358,0
62381,1
24066,0
29637,0
17283,0
69813,1
51063,0
5929,0
54344,1
29862,0
20348,1
11772,0
9791,1
15440,0
45680,1
62080,1
13857,1
51721,1
27144,0
30842,1
38741,1
4693,1
29330,0
28628,0
28461,1
23041,0
35288,1
53888,1
32552,0
41323,0
66945,0
72287,0
54889,0
5543,0
62765,0
41206,1
31835,1
53663,1
43080,0
49620,0
36221,1
23916,1
67971,0
13369,0
61363,1
42289,1
41433,0
65017,1
57209,0
42799,1
18462,0
32547,1
22263,0
25270,0
48170,1
46717,0
33436,1
24767,1
64221,0
2708,0
49063,0
15455,1
17865,1
12274,1
52711,1
6191,0
39487,1
24178,1
54923,0
22552,1
15288,1
62148,0
10093,0
8589,1
70495,1
17658,1
11575,0
58320,1
39712,1
27603,1
59363,0
48261,1
9078,1
65046,0
3864,1
43942,1
6073,0
48071,1
61786,1
62197,0
39299,1
71297,1
4937,0
47499,0
8582,0
32232,0
68613,0
57897,0
37963,1
312,1
20635,1
17608,0
70780,0
15652,0
37122,1
21168,1
70082,0
34717,1
5771,0
3567,1
40038,0
31293,0
20985,1
15095,1
12457,0
11503,0
63444,1
22168,1
50601,1
43406,1
5635,0
3072,0
56431,1
64365,0
68996,0
44735,0
30037,0
15291,0
21308,0
50134,1
25562,0
38115,0
60695,0
40395,1
17886,1
10660,1
66332,1
14677,0
20198,1
7079,0
62948,0
56355,1
59435,0
23906,0
44834,0
35927,0
55023,0
17740,0
8262,0
13504,1
62140,0
22520,1
66711,0
41726,0
9498,0
2563,0
38877,0
14939,0
58466,1
37385,1
5305,1
30531,0
68225,0
25812,0
13161,1
12110,0
71448,0
36071,1
25827,1
59756,1
22964,0
26163,0
11991,0
15960,0
39292,1
30541,0
39015,0
46831,1
43525,1
35136,1
65622,0
17130,0
66986,0
60891,0
38299,1
56790,0
1192,1
1426,0
47500,0
1490,1
3531,0
19695,0
32398,0
2901,0
52186,1
33659,0
71869,0
42513,1
3955,0
29323,1
22250,0
35254,0
61888,0
44368,1
1225,0
9401,0
4741,0
21477,1
33997,0
32601,0
45371,1
44342,0
42106,0
49430,0
25070,1
72135,0
36826,1
30960,0
61642,1
60732,1
13475,0
32667,1
17946,0
70367,0
25066,1
34157,0
27196,1
8494,1
46479,0
21357,1
56709,1
9892,1
24664,0
70631,1
70886,1
57562,1
17947,1
47723,1
56185,0
26432,1
66293,0
71966,1
66586,0
70246,0
10533,0
12738,0
62041,1
36839,0
70845,1
47010,1
20973,1
33048,0
23905,0
26961,1
63804,1
55474,1
6105,1
39771,0
42177,0
43609,1
62748,1
59153,0
45477,0
43865,0
45252,1
67400,0
45552,1
19951,1
53437,0
9460,0
49390,0
64412,1
803,0
11549,1
58133,1
35064,0
46293,0
50320,1
66175,1
956,1
18418,0
11309,0
55073,0
14767,0
66941,1
71341,1
31341,0
57876,0
31020,1
6783,1
27488,0
32415,0
1744,1
67869,1
42624,1
60445,1
42222,1
25057,0
11855,1
58878,0
48338,0
18383,1
8972,0
34261,0
40297,1
14911,0
50683,1
18564,0
69225,0
29667,0
57530,1
10270,0
19465,1
51649,0
71120,1
70160,0
25371,0
71153,0
14426,0
11657,1
5379,0
26357,0
37239,1
72356,1
44184,1
11994,0
6960,1
63229,1
38969,0
52616,0
33096,0
49511,1
9475,1
62028,1
21199,0
50464,1
54008,0
27556,0
42294,0
40418,0
3094,1
23283,1
69109,1
46328,0
43055,1
61156,0
32280,1
63127,1
42601,0
63263,1
19458,0
47831,1
50997,1
59880,1
56585,1
2442,0
48412,1
56932,1
55965,0
58776,1
46384,1
6805,1
6106,1
47470,1
49244,1
56600,1
65646,1
63544,1
3240,1
15470,1
60643,0
30614,0
54669,0
70267,1
59752,1
68800,1
58083,1
49501,1
58148,0
71296,1
143,1
68814,1
37089,0
47242,1
31240,1
25837,1
352,0
26091,0
36883,0
51008,0
5163,1
41954,1
33820,0
23054,0
22774,1
65852,0
55330,1
69248,0
34595,1
15120,0
70152,0
9643,1
65840,1
17269,0
29158,1
11250,0
62079,0
19874,1
40934,0
18102,0
67210,0
46389,1
10931,1
31868,1
2433,0
1823,0
39867,1
38087,1
28618,0
14000,1
12001,0
25151,0
25673,1
68561,1
32309,0
21281,1
12179,0
35805,0
55225,0
22915,0
54803,0
67768,0
31992,1
55284,0
10370,0
28197,1
37607,1
68969,0
2702,1
18478,0
39775,0
30101,1
67226,1
57373,1
30389,1
3235,1
68398,1
37644,1
59145,1
35227,0
40317,0
45416,0
69302,1
33543,0
463,1
43012,0
51408,0
69662,1
63700,1
49509,1
4502,0
25545,0
24712,0
39768,1
72728,1
18595,1
5429,1
3842,0
26972,0
20088,1
43450,1
11449,1
49227,1
60394,0
57219,1
52268,1
28562,0
63564,1
14616,1
68506,0
40988,0
37596,1
40232,1
39334,1
25577,0
61661,0
63293,1
60166,1
66557,0
26857,0
57357,0
30502,0
64027,0
60139,0
68816,0
28040,1
5772,1
25012,1
41186,0
29777,0
72211,0
10435,1
72249,1
29834,1
30644,1
33514,0
37972,1
33103,0
57388,0
28149,1
16460,0
31289,1
30404,1
18890,1
33135,0
7391,0
29628,0
51297,0
43028,1
34749,1
38680,1
65801,0
61278,0
55323,0
27692,1
1771,1
63864,0
63922,1
21342,0
31713,0
365,1
59669,0
42185,0
8412,0
69309,0
57461,1
37368,0
42273,1
9627,1
17689,1
19492,1
20488,1
40252,0
47950,0
17858,1
63524,1
45978,0
64841,0
62282,1
988,1
43213,0
57302,0
25963,1
44039,1
32159,1
39057,0
1210,1
10731,0
31404,1
46696,1
15763,0
59823,0
38525,1
57621,1
42039,1
22091,0
34334,0
37665,0
65062,0
24134,1
68632,1
18295,1
31389,0
61009,0
10124,1
65493,0
56318,0
17437,0
10670,1
27119,1
1353,1
66454,1
27569,1
18999,0
6379,1
63774,0
23719,1
64292,1
26686,1
14490,1
48495,0
41529,1
51431,1
7355,0
52124,1
41148,1
70138,0
12170,0
64464,0
42881,0
322,1
2170,1
25125,1
44631,1
37057,1
6356,0
19080,0
8841,1
72300,1
29393,1
72787,0
6422,1
51473,0
10913,1
72614,1
33009,1
1522,0
47901,1
1889,0
45000,1
28004,1
65538,0
53889,1
71408,0
21133,1
3366,1
43731,0
18092,0
72931,1
20009,0
30124,0
65843,1
28894,0
42088,1
15809,1
3597,1
42100,0
45372,0
57321,0
20113,1
29328,0
39958,0
52362,0
71957,1
59056,0
10648,0
47914,1
9473,1
13432,0
50124,0
15242,0
23085,0
21980,0
59484,0
26167,1
57010,1
1819,1
36757,1
34230,1
16928,1
50167,0
68833,1
59389,1
17638,1
69418,0
69417,0
24941,1
47308,0
15967,0
12594,0
53530,0
39350,1
29500,1
29334,0
64327,0
3194,0
46984,1
43675,0
30202,0
70354,1
59994,0
42914,1
8800,1
25543,0
40887,0
61759,0
10425,1
71052,0
49636,0
25136,1
16537,0
45771,0
54448,1
33283,1
19944,1
32006,0
4180,1
9789,1
10039,0
63228,0
54666,0
60078,0
14795,1
25195,1
16783,0
57493,0
51954,0
66335,1
18617,0
16491,0
42493,0
70372,0
29678,0
69061,1
15914,1
17692,0
16758,1
52845,0
23655,0
25991,0
34098,1
35922,0
62896,1
43651,0
3477,1
47471,0
32247,1
2109,1
68284,1
14276,1
48631,0
43935,0
36728,1
54202,1
31417,0
66058,0
3320,1
18713,0
67442,0
17580,0
69291,1
34012,1
27769,1
41816,0
46630,1
11712,0
50484,1
1461,0
71832,0
58069,1
4776,1
50044,0
22175,0
49341,0
36205,0
28978,1
22764,1
44334,1
15908,0
11388,1
49928,1
44407,1
10765,0
6840,1
38222,1
12849,0
40566,0
24464,0
62070,0
25734,0
72283,1
58495,0
22456,1
4587,1
38987,0
7372,0
34093,0
43719,0
60327,1
42691,1
62345,1
40206,0
61387,0
38756,0
16336,0
58683,1
37662,1
25784,1
22472,0
47781,1
5004,0
39290,1
20570,0
5559,0
34245,0
5777,1
44069,0
4509,1
66717,1
48380,0
39917,0
40351,0
11415,0
10645,1
33177,1
30432,1
64814,0
50760,1
16012,1
63503,0
42763,1
35065,0
57604,0
64051,1
60979,1
53637,1
54002,1
39850,1
680,1
19334,0
28893,0
35860,1
62383,0
57613,1
24034,1
29822,1
40532,1
58402,1
56110,1
32120,0
32243,1
29136,1
24590,0
10306,1
17234,1
34204,0
68596,0
70617,1
15778,0
42709,1
51911,1
60491,1
34411,1
42499,1
66994,0
61085,1
71538,0
55096,0
8096,1
66475,1
62518,0
26990,0
69089,1
9563,1
63030,1
12892,1
68193,0
59695,0
511,0
58781,1
39116,1
48072,1
54520,1
71801,0
33147,0
29564,0
65710,1
27507,1
44233,1
40658,0
58235,1
11251,1
5534,1
71606,0
43418,0
7124,0
22747,1
70325,0
27944,1
20494,1
37156,1
66070,1
19965,1
8244,1
39339,0
28173,0
54604,0
12446,1
12357,1
2775,1
66808,1
19666,0
55566,1
54533,0
20239,1
10079,1
60616,0
36820,0
53426,0
71035,0
67961,1
16268,1
36425,1
29145,1
66895,0
45366,0
27719,0
10148,1
43724,0
56004,0
65369,0
71377,1
63892,0
44779,1
32305,0
52946,1
5814,0
72181,1
15062,1
70264,1
45922,0
3129,0
8796,1
62222,0
61845,0
72875,0
60481,1
13751,0
23175,1
27735,0
65933,1
13119,0
58937,1
8485,0
59690,0
61742,1
33504,0
42558,1
56117,1
55753,0
42144,1
47083,0
69597,1
27062,1
8536,0
7922,1
37335,0
16313,1
9687,1
34543,1
9856,1
3833,0
53494,0
64713,0
26878,0
24454,1
21629,1
57527,0
59517,0
35395,1
29671,0
52345,0
12212,0
26954,1
6157,0
40645,1
44034,1
23536,0
31256,0
60518,0
12410,0
69475,0
19451,0
50409,1
63666,1
22566,1
46854,1
51962,1
65877,1
3881,0
14272,0
70815,0
32042,0
34342,1
16037,0
33431,0
65742,1
8671,1
61318,1
54068,1
1793,0
10963,1
185,0
33956,1
52772,0
52568,1
27626,1
40311,0
70396,0
41051,0
29487,1
49901,0
31607,0
43743,0
67272,0
70859,1
2868,0
38470,1
1736,1
48509,0
11816,1
44439,0
12395,0
41391,1
52693,0
65757,0
3599,0
35416,1
48627,0
21672,1
60276,0
34191,0
51598,0
8122,0
50322,0
9575,1
58506,1
27216,1
70746,1
8045,1
49052,1
33301,1
20646,1
15435,1
62445,1
28734,0
67095,0
63660,1
41158,0
55280,1
67901,1
52003,0
5353,1
55430,0
304,1
6566,0
14668,1
2105,0
60921,1
69069,0
24006,0
20393,0
4003,0
22196,1
64848,0
18453,1
41889,1
12057,0
58192,0
51639,1
22689,1
28285,0
10171,1
42746,1
24401,1
33189,1
56339,0
49979,0
8717,0
33925,1
23636,0
33625,1
46124,1
49878,0
15616,1
9881,0
66364,1
62244,1
64772,0
33646,0
32406,1
72922,0
2368,0
24842,0
23729,0
35387,0
25164,1
15610,0
70814,0
49177,0
8233,1
14136,1
25839,0
24505,1
35370,0
16184,0
18714,0
54480,1
31934,0
193,0
51385,1
52061,0
34070,1
5175,0
40394,1
68132,0
345,0
55631,1
46586,0
54764,1
5319,0
9641,0
52816,1
35548,0
71462,1
58172,0
72392,0
23370,0
12372,1
44531,0
2955,1
8226,0
52634,1
30178,1
59270,1
36298,1
27395,0
7868,1
28399,0
6416,1
65578,1
19576,1
17178,1
64974,1
22271,0
7818,1
25263,1
28862,1
68077,1
6880,0
38412,0
24183,1
10610,1
31976,0
58053,0
27177,1
215,0
12688,1
68018,1
25449,0
28616,0
50186,1
70702,1
33877,0
3018,0
18673,0
21618,1
7408,0
13500,1
11771,0
64166,1
65885,1
44507,0
29084,1
52774,1
48018,1
24360,0
71577,1
71759,1
61137,0
64708,0
12994,0
63145,1
31072,0
37913,1
30880,0
63042,1
66150,1
69364,1
54944,0
62660,0
8951,1
20842,1
13167,0
30694,0
7912,0
15250,1
6998,1
33825,0
54525,1
30778,0
60361,1
26036,0
39675,1
18703,1
36823,1
67077,1
30605,1
23456,1
72,0
20237,1
16482,0
21361,0
36690,0
17297,0
46875,1
37759,0
18216,0
55386,0
54893,1
24627,0
38105,0
43909,0
159,0
25831,0
61777,0
20391,0
44967,0
31077,1
25686,0
70277,1
38700,0
55545,0
55754,1
6896,0
13813,0
25128,1
21992,0
32171,1
22996,1
69104,1
59914,0
67350,0
70181,1
57353,0
61416,0
62587,0
46610,1
68447,0
32810,0
14624,0
29483,0
60628,0
7522,1
1569,0
13640,1
6170,1
6493,0
39977,0
23401,0
13280,1
36073,1
21039,1
21114,1
44877,0
70554,0
48833,0
18955,0
27158,1
5996,1
30779,0
47615,0
55325,0
51030,1
8068,1
16953,1
71292,1
32298,1
7543,1
54652,0
61548,1
60899,1
49639,0
46114,0
25974,0
65609,1
72895,0
1676,1
68478,0
25077,1
36170,0
440,0
14941,0
71850,0
24955,0
50481,0
35470,0
52289,1
14692,0
72094,1
29679,0
31001,1
9572,1
33737,0
13281,1
3260,1
71061,1
18604,1
19644,0
58050,1
27360,0
60314,1
7233,1
50028,0
64163,1
41887,1
26332,1
57300,1
70443,1
36595,1
35174,1
13987,0
53684,0
3379,0
16403,0
40363,1
12732,1
32897,1
18586,0
5748,1
23231,0
23410,0
5898,1
7935,1
20329,1
65428,0
28140,0
60801,0
18914,1
4857,1
55374,1
58250,1
57607,0
63275,0
58032,1
43370,0
66893,0
6115,1
19795,0
6612,1
53603,0
43930,0
21967,0
47668,0
8041,1
64756,0
58258,0
67361,0
10417,1
70412,0
71085,0
60466,0
20692,0
57573,0
58883,1
26107,1
68569,0
33485,0
19654,0
3745,0
29159,0
33634,0
62733,0
71584,0
72151,0
64317,1
19478,0
29725,0
8327,1
67762,0
35856,0
62254,0
30821,1
14399,0
48280,0
29005,0
49656,0
16932,1
18467,0
6284,1
22989,1
68338,1
51582,0
6428,1
4775,0
15953,0
24160,0
2336,0
53975,1
2408,1
56583,0
35333,1
22466,1
44164,0
42350,1
23238,0
43275,1
13507,1
21386,1
63364,1
26715,1
20910,0
2961,1
19132,0
51279,0
26205,0
51426,0
40271,1
66300,0
43426,1
62496,0
18963,1
17695,1
67161,1
67221,1
35225,0
49057,0
27233,1
11116,1
33615,0
10517,1
64216,0
17294,0
53641,1
6717,0
54183,1
20762,1
9287,1
61038,0
5027,1
54939,0
46776,1
6366,1
21599,1
31213,0
68691,0
57731,0
35925,0
40138,1
31217,1
2999,1
24071,1
3188,0
26436,0
59263,1
9464,1
41514,1
4279,1
49486,0
72168,0
5638,1
18007,0
53699,0
69194,1
40747,0
7583,0
47032,1
3139,0
37113,1
67359,1
68694,0
43917,0
6855,0
14494,0
36988,0
44520,1
7078,0
32801,1
1866,1
20127,0
10643,0
7506,0
52079,0
10312,0
67112,0
6950,0
71304,0
38168,0
39993,1
42859,1
44963,1
32561,1
29879,1
5924,0
36778,1
55912,0
1765,1
2445,0
24005,0
33728,0
66242,1
52505,0
15787,0
42461,0
13635,0
12466,0
25346,0
9878,0
49993,0
11412,1
1870,0
43895,1
59727,0
14144,0
2148,0
12286,1
6788,1
14401,0
37054,0
25229,1
46797,0
61575,1
34652,1
71894,0
42784,1
8031,1
613,0
2072,0
47796,0
38067,0
71228,1
31516,0
46858,0
51998,0
37884,0
51700,0
15549,0
16005,1
37799,0
52547,0
19597,1
48642,1
48668,0
61873,1
22860,1
6488,1
30248,0
56168,0
46012,0
50959,0
8821,1
32269,0
19784,0
29525,1
7915,0
33029,0
53130,0
23114,0
22632,0
26975,1
44456,0
18364,1
26506,1
52615,0
45889,1
48756,1
7412,1
6101,0
52421,1
66091,0
41239,0
3466,1
1364,1
50677,1
34895,0
40685,0
27644,0
16378,0
60863,1
10465,1
64787,1
66978,0
2617,0
27940,1
5345,1
11035,1
37259,1
30870,0
52714,1
47835,1
64862,1
30161,0
8138,0
64203,1
13346,1
32828,0
71510,1
56692,0
23505,0
32370,1
34976,1
70890,1
64514,1
12845,0
37287,0
42191,1
37384,0
54686,0
33227,0
64953,1
2578,0
12512,1
27167,1
17403,0
26496,1
14080,0
65744,1
12310,0
25565,0
28803,1
45961,1
14411,0
41649,1
61644,1
26807,0
70800,0
61017,1
60779,0
5697,0
65439,0
4712,0
3702,0
69692,1
54397,1
52265,1
41764,0
48200,1
72414,0
72261,0
17721,1
19377,0
37907,1
45824,1
1028,0
69697,1
49929,0
24000,1
6781,1
44625,0
35876,1
41329,0
37454,0
29639,0
5121,0
56969,1
71361,0
55701,0
42173,0
7680,0
37050,0
14671,0
5278,1
40924,0
35332,1
17356,1
43205,0
4877,1
41817,1
38632,0
61010,1
13869,1
71058,0
44821,0
12,1
54871,0
8117,1
62452,0
11236,0
72139,1
45444,0
13231,1
10032,1
45596,0
62411,1
41675,1
12790,1
16064,1
51446,0
15264,1
30676,0
69828,0
33105,0
37546,0
38294,1
66841,1
47280,1
57686,0
64540,0
63601,0
28817,0
38178,1
26460,1
58647,0
51919,1
65414,1
32411,0
28389,1
66304,1
5286,1
71112,0
43636,1
61279,1
66143,0
49682,0
25733,0
72536,1
34991,0
35757,0
54453,1
7891,0
51295,0
39766,1
13398,1
48491,0
66140,0
71924,1
14848,0
45821,1
57609,0
2198,0
63249,1
8997,1
21265,1
5331,1
31351,1
46089,0
49845,0
63946,0
21817,0
26932,1
44349,1
39280,1
56548,0
66017,1
71905,0
49808,0
55162,0
47598,0
62775,1
41030,0
39967,1
9013,1
47850,0
2414,1
56875,0
49666,1
46302,0
25099,0
43230,0
19966,1
36467,0
50319,0
31450,0
51873,0
10345,1
55134,0
71638,1
61715,0
19601,1
67562,0
3647,0
68027,1
56371,1
58661,0
67099,0
26375,1
13124,1
13591,0
71062,0
1127,1
48696,0
4607,1
53035,0
71967,1
52763,0
67059,0
18787,0
26351,0
27821,1
30153,1
16383,0
17645,0
20492,1
41276,1
55339,1
1959,1
40452,1
32665,1
57989,1
44768,1
26140,1
42148,0
48900,1
39838,1
1040,0
10017,1
53800,0
63880,0
17988,0
37746,0
14053,1
27725,1
20587,1
70032,0
27113,0
28286,1
67022,0
12487,1
3314,1
17279,0
16817,0
684,0
72759,1
40336,1
4760,1
16607,0
20560,1
72572,1
1906,1
37449,0
70861,0
14762,0
40549,1
26790,0
32603,1
26144,1
12463,1
8206,1
63292,1
6158,1
62693,1
34949,0
29379,1
60672,0
25989,0
34072,1
32400,0
53144,0
